Código do fundo;Setor;Preço Atual;Liquidez Diária;Dividendo;Dividend Yield;DY (3M) Acumulado;DY (6M) Acumulado;DY (12M) Acumulado;DY (3M) Média;DY (6M) Média;DY (12M) Média;DY Ano;Variação Preço;Rentab. Período;Rentab. Acumulada;Patrimônio Líq.;VPA;P/VPA;DY Patrimonial;Variação Patrimonial;Rentab. Patr. no Período;Rentab. Patr. Acumulada;Vacância Física;Vacância Financeira;Quantidade Ativos
FIVN11;Shoppings;2.30;2386;0.00;0.00;0.00;0.00;0.00;0.00;0.00;0.00;;0.00;0.00;0.00;65746443.59;6.98;0.33;;;;;56.00;;1
BZLI11;Títulos e Val Mob;14.70;44041;0.00;0.00;0.00;0.00;0.00;0.00;0.00;0.00;0.00;0.68;0.68;1.14;432904709.37;10.82;1.36;;;;;;;0
XTED11;Lajes Corporativas;6.20;497;0.00;0.00;0.00;0.00;0.00;0.00;0.00;0.00;0.00;1.10;1.10;-37.83;27391929.40;13.94;0.44;;;;;0.00;100.00;1
ALMI11;Lajes Corporativas;940.00;12;0.00;0.00;0.00;0.00;0.00;0.00;0.00;0.00;0.00;2.27;2.27;-28.29;250487663.18;2253.05;0.42;;;;;64.05;;1
PABY11;Híbrido;8.07;1;0.00;0.00;0.00;0.00;0.00;0.00;0.00;0.00;0.00;-19.84;-19.84;-31.62;-992234.96;-11.99;-0.67;;;;;;;1
ORPD11;Títulos e Val Mob;128.00;1;1.38;;;;;;;;;;;;44135940.94;152.19;0.84;;;;;;;0
FISC11;Lajes Corporativas;165.00;200;0.22;0.00;0.00;0.00;0.00;0.00;0.00;0.00;;0.00;0.00;0.00;257842245.51;151.67;1.09;;;;;;;0
ARRI11;Títulos e Val Mob;97.50;4301;1.34;1.35;3.95;8.75;15.31;1.32;1.46;1.28;3.95;-1.17;0.16;2.67;96611486.40;92.16;1.06;1.41;-0.32;1.09;2.52;;;0
VINO11;Lajes Corporativas;49.85;125119;0.34;0.71;2.09;4.86;9.91;0.70;0.81;0.83;2.09;0.89;1.61;-5.88;913114249.27;55.12;0.90;0.62;-0.52;0.09;0.70;4.20;;9
RBFF11;Títulos e Val Mob;51.15;7643;0.47;0.92;2.71;5.28;9.75;0.90;0.88;0.81;2.71;1.53;2.47;-5.48;240788827.03;64.22;0.80;0.73;-1.68;-0.96;-0.25;;;0
VIFI11;Títulos e Val Mob;70.50;2316;0.66;0.93;2.59;5.15;9.60;0.86;0.86;0.80;2.59;-11.76;-10.94;-6.48;246942464.94;87.81;0.80;0.75;-2.43;-1.70;-0.98;;;0
VIUR11;Títulos e Val Mob;73.85;3825;0.70;0.97;2.84;5.48;0.00;0.95;0.91;0.00;2.84;-2.10;-1.15;-2.16;259739532.45;96.39;0.77;0.73;-0.22;0.51;1.24;0.00;;6
BBFI11B;Lajes Corporativas;240.00;123;32.05;1.59;3.71;7.84;14.17;1.24;1.31;1.18;3.71;-5.82;-4.33;-8.49;37028307.23;2848.33;0.72;0.84;0.00;0.84;0.84;39.11;;2
KISU11;Títulos e Val Mob;7.67;144337;0.07;0.85;2.50;4.96;8.68;0.83;0.83;0.72;2.50;0.13;0.98;-3.65;395865957.96;8.96;0.86;0.73;-4.07;-3.38;-3.38;;;0
BICR11;Títulos e Val Mob;98.80;1;0.68;0.70;1.99;3.81;6.19;0.66;0.64;0.52;1.99;18.07;18.90;4.70;49602740.27;99.21;1.00;0.65;-0.30;0.34;0.83;;;0
ITIP11;Títulos e Val Mob;81.95;845;0.92;1.13;3.53;6.93;12.41;1.18;1.15;1.03;3.53;-1.13;-0.01;3.66;65564829.02;87.64;0.94;1.08;-1.42;-0.35;0.78;;;0
AIEC11;Lajes Corporativas;81.23;6479;1.31;1.57;3.23;5.77;9.95;1.08;0.96;0.83;3.23;8.13;9.83;9.96;491831341.80;101.93;0.80;0.67;0.03;0.69;1.30;0.00;;2
YUFI11B;Residencial;;;0.47;0.00;0.00;0.00;0.00;0.00;0.00;0.00;;0.00;0.00;0.00;41354358.01;104.65;;0.80;0.20;1.00;1.52;;;0
CXCO11;Lajes Corporativas;79.00;4162;0.65;0.84;2.51;4.95;0.00;0.84;0.82;0.00;2.51;1.84;2.70;-2.19;37777381.92;96.08;0.82;0.68;-0.09;0.59;1.28;;;0
TGAR11;Outros;119.19;116629;1.27;1.12;3.15;6.19;11.30;1.05;1.03;0.94;3.15;1.61;2.74;-4.30;148380875.79;131.14;0.91;0.93;-0.41;0.52;1.41;;;0
SDIL11;Logística;92.55;10960;0.76;0.83;2.56;5.18;9.18;0.85;0.86;0.76;2.56;1.26;2.10;8.07;623706754.09;97.53;0.95;0.78;0.03;0.81;1.60;2.60;;5
PLOG11;Logística;70.71;2978;0.78;1.10;3.22;6.09;10.81;1.07;1.01;0.90;3.22;-1.44;-0.36;-2.23;7516948.30;100.23;0.71;0.78;-0.05;0.73;1.51;20.40;;1
JFLL11;Residencial;75.58;3580;0.62;0.84;2.45;5.03;9.27;0.82;0.84;0.77;2.45;-1.50;-0.68;-3.59;150282517.11;100.15;0.75;0.62;0.03;0.65;1.27;28.00;;2
RZTR11;Híbrido;102.00;41473;1.25;1.22;3.66;7.16;11.90;1.22;1.19;0.99;3.66;0.69;1.92;1.90;19679994.79;99.21;1.03;1.26;-0.84;0.41;1.67;;;10
NVHO11;Hospital;11.90;143;0.08;0.64;1.51;3.48;6.66;0.50;0.58;0.56;1.51;3.37;4.04;1.94;52793490.84;12.70;0.94;0.61;0.04;0.64;0.84;;;1
NEWL11;Híbrido;98.00;1381;0.80;0.79;2.36;5.29;10.22;0.79;0.88;0.85;2.36;0.64;1.43;1.96;235919786.47;116.04;0.84;0.69;0.22;0.91;1.61;0.00;;2
RBED11;Outros;124.69;609;1.12;0.91;2.76;5.27;9.66;0.92;0.88;0.80;2.76;0.98;1.89;5.52;286192341.31;141.57;0.88;0.79;0.04;0.83;1.63;0.00;;5
SHPH11;Shoppings;828.99;44;3.54;0.43;1.53;2.92;4.66;0.51;0.49;0.39;1.53;2.48;2.92;4.54;540581783.78;887.73;0.93;0.47;-0.07;0.39;0.94;10.80;;1
NSLU11;Hospital;149.97;4038;1.54;0.76;2.26;4.94;9.49;0.75;0.82;0.79;0.76;0.00;0.76;0.76;22250547.87;194.36;0.77;0.70;0.00;0.70;0.70;0.00;;1
ATSA11;Shoppings;92.88;3;0.25;0.18;0.59;1.30;2.97;0.20;0.22;0.25;0.37;0.74;0.92;1.10;155689321.16;88.91;1.04;;;;;21.90;;1
CXTL11;Logística;290.89;18;0.48;0.16;0.67;1.29;0.00;0.22;0.22;0.00;0.42;-6.12;-5.97;-5.73;3747298.50;691.22;0.42;0.11;0.00;0.11;0.11;61.00;;3
PQDP11;Shoppings;289.00;8;14.29;0.71;1.99;4.20;6.23;0.66;0.70;0.52;1.58;-1.17;-0.46;0.40;800978410.08;3358.72;0.62;0.52;0.00;0.52;0.52;3.60;;1
QAGR11;Outros;48.60;10423;0.39;0.79;2.32;4.63;9.02;0.77;0.77;0.75;1.55;-2.59;-1.82;-1.07;300920810.23;59.71;0.81;0.64;-0.06;0.59;1.23;;;12
RBLG11;Logística;89.50;1;0.80;0.89;2.70;5.35;8.69;0.90;0.89;0.72;1.81;2.68;3.60;4.55;65767433.36;102.73;0.87;0.78;0.00;0.78;0.78;0.00;;1
GGRC11;Logística;109.00;15897;0.88;0.82;2.38;4.56;8.48;0.79;0.76;0.71;2.38;2.96;3.80;-5.44;124952664.93;132.11;0.83;0.64;0.05;0.69;1.35;0.00;0.00;15
CRFF11;Títulos e Val Mob;65.00;67;0.52;0.78;2.27;4.19;7.66;0.76;0.70;0.64;2.27;-0.40;0.37;-1.22;58267509.98;84.44;0.77;0.60;-1.47;-0.87;-0.28;;;0
CXRI11;Híbrido;65.48;48;0.51;0.78;2.31;4.41;7.86;0.77;0.73;0.66;2.31;0.35;1.14;-3.34;131175731.07;83.25;0.79;0.61;-1.81;-1.21;-0.61;;;0
XPHT11;Hotel;98.00;80;0.34;0.40;1.05;2.23;0.00;0.35;0.37;0.00;1.05;-18.27;-17.94;-16.89;357852662.83;94.06;1.04;;;;;64.90;;5
BREV11;Híbrido;95.70;4;0.55;0.58;1.73;3.42;6.42;0.58;0.57;0.54;1.16;0.01;0.59;1.18;106246348.14;109.85;0.87;0.50;0.02;0.52;1.03;0.00;;12
SCPF11;Shoppings;6.50;515;0.01;0.08;1.18;1.90;2.98;0.39;0.32;0.25;0.79;0.00;0.08;0.79;52564919.55;12.52;0.52;0.05;0.18;0.23;0.68;29.30;;1
FLMA11;Híbrido;118.71;234;0.67;0.58;1.86;3.14;5.27;0.62;0.52;0.44;1.19;-1.40;-0.83;-0.22;216387877.66;156.73;0.76;0.43;0.05;0.48;0.94;11.00;;2
FATN11;Híbrido;99.49;2;0.76;0.79;2.34;4.50;8.47;0.78;0.75;0.71;1.54;-5.85;-5.11;-4.40;8267257.62;101.18;0.98;0.75;0.00;0.75;0.75;4.30;;7
BIME11;;9.25;9204;0.11;1.16;3.25;0.00;0.00;1.08;0.00;0.00;2.19;-1.96;-0.83;0.20;55631464.69;9.52;0.97;1.16;-1.79;-0.65;0.37;;;0
BLMR11;Títulos e Val Mob;7.27;759638;0.08;1.00;2.98;5.59;10.21;0.99;0.93;0.85;1.94;-6.01;-5.07;-4.18;210671380.00;8.25;0.88;0.91;-2.59;-1.70;-0.83;;;0
ONEF11;Lajes Corporativas;153.91;505;0.90;0.58;1.84;3.38;6.29;0.61;0.56;0.52;1.84;6.69;7.31;15.69;159253501.27;174.81;0.88;0.51;0.02;0.53;1.03;0.00;;1
RCRB11;Lajes Corporativas;134.00;3923;0.55;0.44;1.28;3.28;6.52;0.43;0.55;0.54;1.28;-3.47;-3.05;-1.83;72444956.71;196.29;0.68;0.28;-0.17;0.11;0.39;28.40;;10
MBRF11;Outros;710.00;35;9.50;1.36;3.93;7.39;12.52;1.31;1.23;1.04;3.93;1.58;2.97;-8.60;113563302.07;1117.05;0.64;0.85;0.07;0.92;1.78;0.00;;2
HTMX11;Hotel;79.97;1397;0.00;0.00;0.80;2.20;5.41;0.27;0.37;0.45;0.80;-28.14;-28.14;-32.26;161517402.88;128.49;0.62;;;;;65.00;;23
EQIN11;Títulos e Val Mob;93.50;7984;1.33;1.41;3.80;7.24;12.59;1.27;1.21;1.05;2.80;0.23;1.65;3.07;137821478.59;94.85;0.99;1.38;0.00;1.38;1.38;;;0
GSFI11;Shoppings;4.40;11832;0.00;0.03;0.03;0.03;0.03;0.01;0.00;0.00;0.03;0.00;0.03;0.03;109460145.38;13.42;0.33;;;;;10.30;;10
CEOC11;Lajes Corporativas;59.43;770;0.49;0.87;2.42;4.80;8.78;0.81;0.80;0.73;1.69;-2.71;-1.86;-1.06;164257961.42;90.47;0.66;0.52;0.00;0.52;0.52;0.00;;1
NEWU11;Lajes Corporativas;32.42;135;0.00;0.00;0.00;0.56;16.63;0.00;0.09;1.39;0.61;-4.04;-4.04;-31.62;48320261.53;65.12;0.50;;;;;63.20;;3
PRSV11;Lajes Corporativas;114.43;1;1.62;0.42;1.53;2.91;5.95;0.51;0.48;0.50;4.46;5.30;5.74;-11.25;46748513.01;239.74;0.48;;;;;40.90;;2
FAMB11B;Lajes Corporativas;859.01;74;9.16;0.56;2.17;4.78;10.43;0.72;0.80;0.87;8.82;-47.80;-47.51;-47.80;327197260.70;3122.11;0.28;;;;;100.00;;1
FMOF11;Lajes Corporativas;65.56;101;0.64;;;;;;;;;;;;62393527.40;122.82;0.53;;;;;52.08;;1
HGRS11;Residencial;;;0.00;0.00;0.00;0.00;0.00;0.00;0.00;0.00;;0.00;0.00;0.00;109990399.80;92.09;;;;;;;;0
KNRE11;Residencial;0.85;48734;0.00;0.00;0.00;0.00;0.00;0.00;0.00;0.00;0.00;0.00;0.00;0.00;23431481.23;1.26;0.67;;;;;;;0
BRCR11;Híbrido;70.24;37686;0.50;0.74;2.15;4.22;7.63;0.72;0.70;0.64;0.74;0.00;0.74;0.74;2809345315.52;105.46;0.67;0.47;0.00;0.47;0.47;21.00;25.80;15
JRDM11;Shoppings;74.04;1787;0.41;0.54;2.57;4.25;6.39;0.86;0.71;0.53;0.54;0.00;0.54;0.54;220413917.32;87.36;0.85;;;;;2.77;;1
MAXR11;Outros;82.37;1088;0.30;0.36;1.99;4.37;8.92;0.66;0.73;0.74;0.36;0.00;0.36;0.36;135301916.97;120.20;0.69;;;;;2.80;;8
DVFF11;Híbrido;70.71;6406;0.70;0.84;2.37;0.00;0.00;0.79;0.00;0.00;1.64;-5.70;-4.91;-4.15;99876793.87;90.72;0.78;0.77;-1.31;-0.55;0.21;;;0
VSLH11;Outros;9.55;166935;0.12;1.26;3.61;7.92;15.70;1.20;1.32;1.31;2.39;-2.15;-0.92;0.19;296322696.74;9.92;0.96;1.21;0.27;1.48;2.61;;;0
TORD11;Outros;9.08;77185;0.08;0.86;2.52;6.05;10.56;0.84;1.01;0.88;1.69;-4.15;-3.32;-2.51;471197848.28;13.44;0.68;0.60;-0.26;0.33;0.93;;;0
SEQR11;Outros;68.84;3733;0.63;0.90;2.60;5.06;9.92;0.87;0.84;0.83;1.77;-3.41;-2.54;-1.69;154562144.05;96.09;0.72;0.65;0.02;0.68;1.33;0.00;;0
BTCR11;Títulos e Val Mob;98.29;8184;1.10;1.20;3.32;5.97;10.51;1.11;0.99;0.88;2.34;-0.47;0.73;1.87;46178110.46;95.86;1.03;1.15;-2.51;-1.39;-0.33;;;0
FEXC11;Títulos e Val Mob;90.51;13280;1.00;1.15;3.26;6.21;11.32;1.09;1.03;0.94;2.22;-1.91;-0.79;0.27;565514948.63;92.65;0.98;1.08;-0.67;0.40;1.42;;;0
HCTR11;Outros;119.42;77963;1.40;1.14;3.69;7.60;15.36;1.23;1.27;1.28;2.43;-2.04;-0.92;0.35;2423114873.57;119.29;1.00;1.17;1.40;2.59;3.99;;;0
BCFF11;Títulos e Val Mob;68.68;57893;0.54;0.80;2.32;4.46;8.14;0.77;0.74;0.68;1.55;-5.82;-5.06;-4.35;1975752280.88;78.45;0.88;0.69;0.00;0.69;0.69;;;0
BLMG11;Logística;85.78;9944;0.80;0.90;2.71;5.53;10.76;0.90;0.92;0.90;1.75;-5.77;-4.92;-4.11;383566653.90;100.66;0.85;0.86;-0.95;-0.09;0.76;0.00;0.00;4
DEVA11;Títulos e Val Mob;99.95;57984;1.18;1.16;3.67;7.73;14.94;1.22;1.29;1.25;2.36;-1.49;-0.35;0.85;1341411851.54;96.46;1.04;1.22;-0.31;0.91;2.21;;;0
MGFF11;Títulos e Val Mob;63.00;28369;0.55;0.89;2.62;4.91;9.16;0.87;0.82;0.76;1.76;-1.90;-1.03;-0.17;70506354.13;77.90;0.81;0.71;0.00;0.71;0.71;;;0
FAED11;Outros;132.00;2495;1.26;0.89;2.60;5.00;9.28;0.87;0.83;0.77;1.77;-1.74;-0.87;0.00;138833934.64;216.20;0.61;0.59;0.00;0.59;0.59;0.00;;3
BMLC11;Lajes Corporativas;91.00;1686;0.63;0.68;2.34;4.46;8.16;0.78;0.74;0.68;1.30;1.69;2.39;3.02;10989410.72;109.26;0.83;0.51;0.00;0.51;0.51;7.00;;2
MGLG11;Logística;50.96;2209;0.60;1.15;3.24;0.00;0.00;1.08;0.00;0.00;2.32;-4.27;-3.17;-2.05;87957969.64;76.17;0.67;0.79;-9.12;-8.41;-7.72;0.00;;3
RBRP11;Outros;66.00;21033;0.42;0.64;1.94;3.83;6.60;0.65;0.64;0.55;1.29;-5.91;-5.31;-4.69;998954452.71;82.02;0.80;0.51;-1.70;-1.19;-0.65;13.00;6.00;17
RBRL11;Logística;88.89;8048;0.60;0.70;2.26;4.80;8.67;0.75;0.80;0.72;1.35;-6.58;-5.93;-5.31;712663689.82;106.57;0.83;0.56;-0.01;0.55;1.12;0.00;0.00;6
FLCR11;Títulos e Val Mob;98.09;1624;1.10;1.10;4.22;8.45;0.00;1.41;1.41;0.00;2.49;0.66;1.77;3.18;50767777.26;101.54;0.97;1.08;1.16;2.26;2.26;;;0
RELG11;Híbrido;73.31;6466;0.70;0.89;2.76;5.78;10.52;0.92;0.96;0.88;1.76;-1.59;-0.72;0.14;162263834.97;121.59;0.60;0.58;-0.06;0.51;1.09;10.40;10.40;3
RECR11;Títulos e Val Mob;102.07;110486;1.20;1.19;3.66;7.00;13.32;1.22;1.17;1.11;2.21;-2.47;-1.31;-0.30;2311833192.13;95.30;1.07;1.26;-0.13;1.12;2.23;;;0
RECT11;Híbrido;66.00;13200;0.50;0.74;2.24;4.61;8.75;0.75;0.77;0.73;1.49;-3.46;-2.74;-2.02;797501241.94;97.50;0.68;0.51;-0.16;0.35;0.89;15.10;;8
GTLG11;;99.99;15003;0.70;0.70;2.11;0.00;0.00;0.70;0.00;0.00;1.41;1.52;2.23;2.96;699410585.54;97.51;1.03;0.72;-0.44;0.27;0.99;;;0
RBDS11;Residencial;4.00;44;0.00;0.00;0.00;0.00;0.00;0.00;0.00;0.00;0.00;0.00;0.00;0.00;3197921.02;25.28;0.16;;;;;;;0
BLCA11;Lajes Corporativas;97.99;10051;0.51;0.52;0.52;0.00;0.00;0.17;0.00;0.00;0.52;0.00;0.52;0.52;155911988.62;97.44;1.01;;;;;0.00;;1
CVBI11;Títulos e Val Mob;103.70;120486;1.12;1.10;3.29;6.72;12.16;1.10;1.12;1.01;2.20;-0.20;0.90;2.01;152787214.91;100.11;1.04;1.12;0.17;1.29;2.43;;;0
RVBI11;Títulos e Val Mob;78.00;4408;0.75;0.95;2.77;5.53;10.29;0.92;0.92;0.86;1.87;-2.32;-1.39;-0.48;125342584.12;87.04;0.90;0.86;-0.78;0.08;0.93;;;0
CPFF11;Híbrido;71.77;24996;0.63;0.89;2.76;5.02;10.72;0.92;0.84;0.89;1.88;-1.22;-0.34;0.65;424751758.01;77.94;0.92;0.91;0.00;0.91;0.91;;;0
VXXV11;Outros;852.64;7038;10.76;;;;;;;;;;;;127252326.08;719.84;1.18;;;;;;;0
BICE11;Títulos e Val Mob;;;5.40;0.00;0.00;0.00;0.00;0.00;0.00;0.00;;0.00;0.00;0.00;10120315.68;912.48;;;;;;;;0
HRDF11;Híbrido;1.17;303;6.80;;;;;;;;;;;;10126109.71;1.33;0.88;;;;;;;0
CJCT11;Lajes Corporativas;72.50;219;0.00;;;;;;;;;;;;18633571.64;64.82;1.12;;;;;59.00;;1
LFTT11;Residencial;109.00;1998;0.75;;;;;;;;;;;;425557771.50;60.58;1.80;;;;;;;0
IRDM11;Títulos e Val Mob;109.73;102544;1.22;1.13;3.44;6.71;12.05;1.15;1.12;1.00;2.12;-2.26;-1.15;-0.18;3208708568.71;97.10;1.13;1.12;0.00;1.12;1.12;;;0
CXAG11;Outros;77.89;2577;0.75;0.99;0.00;0.00;0.00;0.00;0.00;0.00;0.99;0.00;0.99;0.99;214367378.45;102.54;0.76;;;;;;;0
GAME11;Híbrido;10.50;6848;1.20;1.05;3.20;0.00;0.00;1.07;0.00;0.00;2.16;5.36;6.47;7.65;203832675.80;98.95;0.11;1.21;0.16;1.38;2.61;;;0
RBRR11;Títulos e Val Mob;101.52;42344;1.10;1.07;3.22;5.98;10.74;1.07;1.00;0.90;2.14;0.14;1.21;2.29;12324300.27;98.73;1.03;1.11;0.00;1.11;1.11;;;0
RBRY11;Títulos e Val Mob;105.83;6796;1.15;1.10;3.45;6.38;10.99;1.15;1.06;0.92;2.17;-1.89;-0.81;0.25;352540307.86;103.78;1.02;1.11;0.00;1.11;1.11;;;0
IBFF11;Títulos e Val Mob;59.08;643;0.50;0.86;2.54;5.07;9.09;0.85;0.85;0.76;1.71;-1.86;-1.01;-0.18;49324397.96;73.99;0.80;0.68;0.00;0.68;0.68;;;0
IBCR11;Títulos e Val Mob;96.79;9002;1.50;1.54;4.64;0.00;0.00;1.55;0.00;0.00;3.09;0.33;1.88;3.45;77771979.92;96.86;1.00;1.55;-0.80;0.73;2.28;;;0
RBRF11;Títulos e Val Mob;74.25;33529;0.60;0.84;2.48;4.93;9.16;0.83;0.82;0.76;1.67;-2.04;-1.21;-0.40;1171149868.37;85.61;0.87;0.70;0.00;0.70;0.70;;;0
IRIM11;Híbrido;110.69;2026;1.89;1.67;4.25;0.00;0.00;1.42;0.00;0.00;2.93;1.82;3.52;4.82;13130556.13;100.79;1.10;1.39;0.00;1.39;1.39;;;0
CPTS11;Títulos e Val Mob;95.58;177517;1.10;1.14;3.40;6.45;12.46;1.13;1.07;1.04;2.27;-0.92;0.22;1.35;2627597253.52;93.93;1.02;1.17;0.00;1.17;1.17;;;0
MGHT11;Hotel;83.00;294;0.80;0.94;2.74;5.20;9.35;0.91;0.87;0.78;1.84;-3.00;-2.09;-1.20;129541875.37;98.60;0.84;0.81;0.00;0.81;0.81;;;0
MCHF11;Títulos e Val Mob;10.09;205751;0.11;1.08;3.35;0.00;0.00;1.12;0.00;0.00;2.16;0.59;1.68;2.78;84959465.62;10.23;0.99;1.08;0.00;1.08;1.08;;;0
VGIR11;Títulos e Val Mob;100.85;16840;1.20;1.19;3.19;5.37;9.10;1.06;0.90;0.76;2.27;-0.81;0.37;1.46;437140913.98;97.00;1.04;1.13;0.00;1.13;1.13;;;0
VGIP11;Outros;100.93;78237;1.20;1.19;4.06;8.20;13.89;1.35;1.37;1.16;2.46;0.02;1.21;2.49;874921462.96;94.14;1.07;1.27;-1.21;0.05;1.39;;;0
MCCI11;Títulos e Val Mob;100.60;44003;1.00;1.00;2.95;5.92;11.09;0.98;0.99;0.92;1.98;-1.22;-0.24;0.75;1202207530.32;96.82;1.04;1.03;0.00;1.03;1.03;;;0
VGIA11;Títulos e Val Mob;11.00;85356;0.14;1.34;0.00;0.00;0.00;0.00;0.00;0.00;2.56;-1.23;0.09;1.32;95678226.98;9.51;1.16;1.37;0.00;1.37;1.37;;;0
TRNT11;Lajes Corporativas;109.47;34;0.39;0.35;1.25;2.16;3.90;0.42;0.36;0.32;0.70;1.92;2.28;2.63;796690441.59;202.43;0.54;0.18;0.00;0.18;0.18;49.90;;1
HCRI11;Hospital;260.50;127;2.49;0.88;2.36;4.77;9.33;0.79;0.80;0.78;1.62;-18.08;-17.35;-16.74;51803192.81;259.02;1.01;0.83;0.00;0.83;0.83;0.00;;1
BRLA11;Híbrido;149.00;100;0.98;0.66;2.02;3.34;3.34;0.67;0.56;0.28;1.32;-1.33;-0.68;-0.03;270163925.60;159.91;0.93;0.61;0.00;0.61;0.61;;;0
GCRI11;Títulos e Val Mob;98.36;3577;1.40;1.42;4.03;7.23;0.00;1.34;1.21;0.00;2.64;-0.16;1.26;2.49;99402617.61;99.37;0.99;1.21;0.00;1.21;1.21;;;0
GCFF11;Títulos e Val Mob;74.80;650;0.75;1.01;2.98;5.70;10.94;0.99;0.95;0.91;1.94;-7.42;-6.48;-5.61;30849715.41;91.11;0.82;0.82;0.00;0.82;0.82;;;0
MGCR11;Títulos e Val Mob;85.01;2364;1.00;1.16;3.43;6.41;11.52;1.14;1.07;0.96;2.29;-1.96;-0.83;0.30;135220897.17;95.07;0.89;1.05;0.00;1.05;1.05;;;0
MORE11;Títulos e Val Mob;71.83;9033;0.70;0.94;2.78;5.39;9.77;0.93;0.90;0.81;1.86;-2.78;-1.86;-0.96;207536642.14;89.49;0.80;0.78;0.00;0.78;0.78;;;0
BLCP11;Outros;85.30;459;0.51;0.61;1.87;3.05;6.73;0.62;0.51;0.56;1.25;3.69;4.32;4.99;22589090.43;98.37;0.87;0.52;0.00;0.52;0.52;6.20;;2
NAVT11;Títulos e Val Mob;72.50;3247;0.75;1.04;2.87;5.37;0.00;0.96;0.90;0.00;2.07;-0.98;0.05;1.09;95922268.24;90.96;0.80;0.82;0.00;0.82;0.82;;;0
DRIT11B;Lajes Corporativas;84.77;14;0.33;0.28;0.80;0.00;0.00;0.27;0.00;0.00;1.28;5.78;6.07;-7.42;58156919.39;125.53;0.68;;;;;10.47;;6
CTXT11;Lajes Corporativas;22.99;1220;0.09;0.39;0.78;1.36;5.53;0.26;0.23;0.46;1.36;-2.58;-2.20;-39.31;118462423.71;40.81;0.56;;;;;97.00;;1
GESE11B;Outros;1520.00;300;12.60;0.00;0.00;0.00;0.00;0.00;0.00;0.00;;0.00;0.00;0.00;8582428.11;1650.46;0.92;;;;;;;0
SRVD11;Títulos e Val Mob;9.77;36;0.10;1.01;0.00;0.00;0.00;0.00;0.00;0.00;1.01;0.00;1.01;1.01;114261426.47;1.19;8.23;;;;;;;0
SNFF11;Títulos e Val Mob;85.51;7840;0.65;0.79;2.24;4.45;0.00;0.75;0.74;0.00;1.53;-7.03;-6.29;-5.60;230710296.21;92.28;0.93;0.70;0.00;0.70;0.70;;;0
SNCI11;Títulos e Val Mob;104.96;24911;1.40;1.35;3.84;0.00;0.00;1.28;0.00;0.00;2.69;-0.57;0.77;2.12;16567815.78;98.95;1.06;1.41;-0.27;1.14;2.57;;;0
AFHI11;Títulos e Val Mob;100.99;7768;1.30;1.27;3.83;7.43;0.00;1.28;1.24;0.00;2.54;-0.10;1.17;2.46;17363751.55;96.81;1.04;1.34;0.00;1.34;1.34;;;0
OULG11;Outros;43.96;2409;0.17;0.38;1.67;4.37;8.69;0.56;0.73;0.72;0.73;-4.82;-4.46;-4.12;18304418.34;73.75;0.60;0.23;-0.08;0.15;0.38;0.00;;2
OUFF11;Títulos e Val Mob;65.90;6453;0.68;1.04;3.01;5.84;10.82;1.00;0.97;0.90;2.08;0.08;1.11;2.16;142270680.02;78.41;0.84;0.87;-1.60;-0.75;0.10;;;0
OURE11;Títulos e Val Mob;80.87;1167;0.80;0.97;3.17;6.99;12.42;1.06;1.17;1.04;1.84;-4.57;-3.64;-2.80;99122277.31;92.03;0.88;0.87;-0.46;0.41;1.22;;;0
RBIR11;Residencial;70.40;636;0.00;0.00;0.00;0.00;0.00;0.00;0.00;0.00;0.00;0.00;0.00;0.00;14707247.60;96.17;0.73;;;;;;;0
CARE11;Híbrido;3.89;176404;0.00;0.23;0.66;1.36;1.60;0.22;0.23;0.13;1.36;-2.63;-2.41;5.65;284526894.35;7.95;0.49;;;;;;;0
AFOF11;Títulos e Val Mob;94.06;343;1.00;1.07;3.11;6.25;0.00;1.04;1.04;0.00;2.14;3.50;4.61;5.72;69843469.38;101.05;0.93;0.99;1.26;2.26;3.24;;;0
RECX11;Outros;93.99;40;1.00;1.15;3.34;6.43;0.00;1.11;1.07;0.00;2.21;-8.71;-7.66;-6.68;19208298.22;87.99;1.07;1.14;0.00;1.14;1.14;;;0
BTLG11;Logística;103.87;34290;0.72;0.70;2.08;4.15;7.92;0.69;0.69;0.66;1.40;0.77;1.48;2.19;1508161155.35;99.03;1.05;0.73;0.00;0.73;0.73;;2.00;16
BLMC11;Outros;97.44;54;1.10;1.12;3.36;6.68;9.98;1.12;1.11;0.83;2.24;0.26;1.38;2.52;38715880.93;96.91;1.01;1.14;-3.64;-2.55;-1.48;;;0
CORM11;Híbrido;94.72;17;0.81;0.85;2.75;5.87;0.00;0.92;0.98;0.00;1.71;0.00;0.85;1.71;87421299.18;95.30;0.99;0.85;0.00;0.85;0.85;;;0
ARCT11;Híbrido;106.69;83749;1.65;1.50;4.45;8.67;14.61;1.48;1.45;1.22;2.87;0.33;1.84;3.23;287765894.46;99.96;1.07;1.50;0.00;1.50;1.50;;;4
RZAK11;Títulos e Val Mob;96.87;7181;1.30;1.39;4.15;7.46;11.97;1.38;1.24;1.00;2.76;-2.04;-0.67;0.68;281838303.05;93.89;1.03;1.38;0.00;1.38;1.38;;;0
MATV11;Títulos e Val Mob;97.00;1091;1.30;1.33;3.66;0.00;0.00;1.22;0.00;0.00;2.45;0.01;1.34;2.47;33908738.45;97.64;0.99;1.13;0.00;1.13;1.13;;;0
MCHY11;Títulos e Val Mob;113.45;6;1.30;1.18;3.44;6.79;0.00;1.15;1.13;0.00;2.35;-0.90;0.27;1.44;361739642.10;102.27;1.11;1.27;0.00;1.27;1.27;;;0
ERCR11;Híbrido;7600.00;1;684.38;0.00;0.00;0.00;0.00;0.00;0.00;0.00;;0.00;0.00;0.00;169526970.92;71349.74;1.07;1.37;-0.47;0.89;0.90;;;0
EQIR11;Títulos e Val Mob;99.58;1;1.05;1.08;0.00;0.00;0.00;0.00;0.00;0.00;2.15;-0.10;0.97;2.05;5173367.48;101.64;0.98;1.03;0.00;1.03;1.03;;;0
MORC11;Títulos e Val Mob;102.70;3909;1.50;1.49;3.85;0.00;0.00;1.28;0.00;0.00;2.60;0.90;2.40;3.54;78646991.18;100.84;1.02;1.10;0.00;1.10;1.10;;;0
CCRF11;Títulos e Val Mob;98.96;3;1.05;1.06;3.71;0.00;0.00;1.24;0.00;0.00;2.41;-0.82;0.23;1.58;15722202.74;100.02;0.99;1.05;-0.16;0.89;2.25;;;0
BPML11;Shoppings;66.30;674;0.35;0.54;1.64;0.00;0.00;0.55;0.00;0.00;0.54;0.00;0.54;0.54;57679399.42;133.98;0.49;0.26;0.00;0.26;0.26;5.80;;7
XPML11;Shoppings;99.20;33762;0.64;0.71;2.24;3.93;6.37;0.75;0.65;0.53;1.35;-3.26;-2.57;-1.95;1900952211.41;101.76;0.97;0.59;0.00;0.59;0.59;3.90;;16
XPIN11;Outros;82.68;6707;0.61;0.74;2.14;4.26;7.94;0.71;0.71;0.66;1.47;-3.40;-2.68;-1.97;781411670.94;109.28;0.76;0.56;-0.44;0.11;0.69;17.30;12.00;5
BTAL11;Outros;98.96;13493;0.80;0.83;2.54;5.07;8.65;0.85;0.84;0.72;1.67;2.80;3.65;4.53;617128957.81;103.15;0.96;0.78;0.00;0.78;0.78;;;7
FCFL11;Outros;115.00;845;0.82;0.73;2.19;4.36;8.03;0.73;0.73;0.67;1.45;-2.44;-1.72;-1.02;363944321.16;104.76;1.10;0.79;0.00;0.79;0.79;0.00;;1
ALZR11;Logística;114.98;10178;0.76;0.69;1.97;3.73;6.98;0.66;0.62;0.58;1.32;-5.13;-4.48;-3.88;642593457.02;108.51;1.06;0.67;0.00;0.67;0.67;0.00;;15
FLRP11;Shoppings;1229.97;1;10.00;0.83;2.18;3.71;6.01;0.73;0.62;0.50;1.49;0.82;1.66;2.34;112198420.79;1719.99;0.72;0.47;0.00;0.47;0.47;2.01;;1
CNES11;Lajes Corporativas;34.12;149;0.06;0.18;1.00;1.93;3.35;0.33;0.32;0.28;0.58;-1.15;-0.97;-0.58;255388232.33;86.59;0.39;0.15;0.00;0.15;0.15;56.70;;1
EDGA11;Lajes Corporativas;19.41;1453;0.15;0.78;1.64;3.11;6.26;0.55;0.52;0.52;1.26;-11.73;-11.05;-10.61;252515454.02;66.24;0.29;0.16;0.00;0.16;0.16;48.81;;1
BTRA11;Outros;101.60;8103;0.90;0.90;2.78;5.24;0.00;0.93;0.87;0.00;1.82;1.60;2.52;3.46;347617328.85;103.32;0.98;0.87;0.00;0.87;1.75;;;0
VTLT11;Logística;94.26;2992;0.83;0.86;2.68;5.03;9.40;0.89;0.84;0.78;2.68;4.91;5.81;7.34;218534632.60;103.33;0.91;0.80;0.05;0.85;1.66;0.00;0.00;1
GTWR11;Lajes Corporativas;81.34;4142;0.74;0.91;2.70;5.31;9.33;0.90;0.89;0.78;2.70;0.83;1.74;-0.54;1182472616.64;98.54;0.83;0.75;0.02;0.78;1.53;0.00;0.00;1
BBPO11;Lajes Corporativas;88.11;19535;0.89;1.00;2.93;5.84;11.14;0.98;0.97;0.93;2.93;-1.70;-0.72;-2.19;1525946877.89;95.85;0.92;0.93;0.02;0.95;1.89;0.00;0.00;64
MFII11;Híbrido;103.39;3388;1.17;1.13;3.30;6.68;12.17;1.10;1.11;1.01;3.30;-2.21;-1.11;-2.55;463373976.33;111.74;0.93;1.05;-1.70;-0.67;0.36;;;9
MFAI11;Híbrido;80.49;960;1.44;1.92;4.33;7.47;12.19;1.44;1.24;1.02;4.33;-0.57;1.34;4.38;24142314.72;79.63;1.01;1.04;-4.05;-3.05;-1.90;;;0
RMAI11;Lajes Corporativas;37.80;18;0.26;0.72;2.46;2.46;2.46;0.82;0.41;0.20;2.46;-8.42;-7.76;-7.79;264341611.33;108.17;0.35;;;;;23.44;;1
CXCE11B;Outros;39.63;11269;0.35;0.84;2.56;4.87;12.26;0.85;0.81;1.02;2.56;3.18;4.05;-6.29;110953528.47;64.77;0.61;0.57;-0.05;0.52;1.09;0.00;;1
VSHO11;Shoppings;77.98;13;0.59;0.74;2.19;4.27;8.03;0.73;0.71;0.67;2.19;0.63;1.38;3.51;214179736.47;102.05;0.76;0.56;0.08;0.64;1.20;12.96;;3
LVBI11;Logística;100.00;32305;0.72;0.71;2.14;4.31;7.75;0.71;0.72;0.65;1.43;1.94;2.67;3.41;1351511613.64;114.78;0.87;0.62;0.00;0.62;0.62;0.50;0.00;10
EVBI11;Híbrido;92.70;295;0.75;0.81;2.63;4.71;8.50;0.88;0.79;0.71;1.62;-0.87;-0.06;0.74;139438160.75;99.76;0.93;0.75;-0.06;0.69;1.44;0.00;;4
KFOF11;Títulos e Val Mob;75.25;10763;0.68;0.89;2.59;4.78;9.01;0.86;0.80;0.75;2.59;2.82;3.73;3.39;423393828.07;93.40;0.81;0.70;-0.55;0.14;0.81;;;0
HGCR11;Títulos e Val Mob;105.93;16341;1.05;0.99;2.97;5.93;10.99;0.99;0.99;0.92;2.97;1.18;2.18;3.38;1255588691.53;101.48;1.04;1.03;-0.07;0.96;1.99;;;0
HGPO11;Lajes Corporativas;256.17;1343;1.35;0.52;1.55;3.30;6.67;0.52;0.55;0.56;1.55;-2.65;-2.14;1.16;469957867.11;268.08;0.96;0.50;0.00;0.51;1.01;4.99;2.72;2
HGLG11;Logística;163.70;29187;1.10;0.67;1.98;4.35;8.69;0.66;0.73;0.72;1.98;-2.22;-1.56;-2.11;3139602936.75;147.31;1.11;0.75;0.00;0.75;0.75;6.90;6.50;17
CBOP11;Lajes Corporativas;61.50;490;0.49;0.82;2.30;7.99;12.14;0.77;1.33;1.01;2.30;-1.06;-0.25;-15.86;127864976.18;90.36;0.68;0.54;-0.16;0.38;0.92;33.59;30.79;1
HGBS11;Shoppings;180.71;7413;1.15;0.64;2.02;3.75;5.56;0.67;0.63;0.46;2.02;6.81;7.49;9.36;2162578417.80;216.26;0.84;0.53;0.53;1.06;1.60;6.50;;17
PLCR11;Híbrido;87.72;4223;1.05;1.20;3.56;6.91;12.53;1.19;1.15;1.04;3.56;1.56;2.79;2.02;193164792.78;91.58;0.96;1.15;0.00;1.15;1.15;;;0
OUJP11;Títulos e Val Mob;91.40;13046;1.28;1.41;4.01;7.26;12.06;1.34;1.21;1.01;4.01;1.81;3.24;3.56;328436430.12;100.98;0.91;1.24;0.00;1.23;2.34;;;0
XPCA11;Títulos e Val Mob;10.19;60421;0.14;1.42;3.59;0.00;0.00;1.20;0.00;0.00;3.59;1.65;3.09;5.78;134947595.51;9.58;1.06;1.15;0.24;1.39;2.45;;;0
WPLZ11;Shoppings;73.95;362;0.30;0.41;1.18;2.64;0.00;0.39;0.44;0.00;1.18;3.00;3.42;3.66;104886627.48;102.75;0.72;0.29;0.08;0.37;0.62;11.00;;1
HPDP11;Shoppings;84.42;1;0.45;0.56;1.63;3.27;5.01;0.54;0.55;0.42;1.63;-5.88;-5.35;-2.61;275687139.43;94.78;0.89;0.47;0.00;0.47;0.95;2.00;;1
KNHY11;Títulos e Val Mob;102.98;25047;1.21;1.17;3.44;7.53;13.85;1.15;1.26;1.15;3.44;-0.73;0.43;0.12;1401671825.38;98.08;1.05;1.12;-0.48;0.64;1.97;;;0
KNIP11;Títulos e Val Mob;101.90;92531;1.35;1.33;3.69;7.94;14.16;1.23;1.32;1.18;3.69;-0.51;0.81;1.62;688825595.56;96.83;1.05;1.12;-0.86;0.25;1.64;;;0
QAMI11;Híbrido;94.91;693;1.05;1.11;3.63;8.32;0.00;1.21;1.39;0.00;3.63;-2.81;-1.72;-1.31;7267259.47;89.93;1.06;1.40;0.00;1.40;1.40;;;0
BPFF11;Títulos e Val Mob;63.52;23682;0.60;0.93;2.73;5.45;9.91;0.91;0.91;0.83;2.73;-1.17;-0.25;-3.90;35027870.92;77.92;0.82;0.77;-1.56;-0.80;-0.05;;;0
PATL11;Híbrido;74.89;12123;0.58;0.77;2.28;4.80;8.99;0.76;0.80;0.75;2.28;-3.31;-2.56;2.15;489804878.58;98.13;0.76;0.59;0.10;0.69;1.29;0.00;0.00;4
HOSI11;Híbrido;70.01;222;0.36;0.51;1.50;3.64;7.40;0.50;0.61;0.62;1.50;-3.37;-2.88;-1.24;53326274.73;92.99;0.75;0.39;0.31;0.70;1.10;;;2
QIRI11;Títulos e Val Mob;82.49;17;0.60;0.80;2.35;4.43;8.00;0.78;0.74;0.67;2.35;-10.73;-10.01;-14.70;1320889.64;86.81;0.95;0.76;-1.36;-0.61;0.17;;;0
FVPQ11;Shoppings;117.05;438;0.82;0.70;2.32;3.86;6.88;0.77;0.64;0.57;2.32;-2.89;-2.21;18.17;555145637.12;198.26;0.59;0.36;0.05;0.41;0.94;5.50;;1
ABCP11;Shoppings;72.21;1267;0.50;0.67;2.29;4.72;7.88;0.76;0.79;0.66;2.29;-3.08;-2.43;3.12;112019762.39;91.79;0.79;0.49;0.06;0.55;1.39;7.50;;1
XPCI11;Outros;98.00;120089;1.13;1.18;3.46;6.50;12.21;1.15;1.08;1.02;3.46;0.10;1.29;1.17;653897742.25;94.93;1.03;1.16;-0.24;0.92;2.08;;;0
HABT11;Títulos e Val Mob;104.02;38599;1.20;1.13;3.41;7.22;15.47;1.14;1.20;1.29;3.41;-1.45;-0.33;-1.39;726473936.75;97.87;1.06;1.33;-0.09;1.23;2.47;;;0
RNGO11;Lajes Corporativas;47.50;3536;0.35;0.73;2.15;4.12;7.67;0.72;0.69;0.64;2.15;0.48;1.22;-4.08;23456319.19;87.46;0.54;0.40;-0.03;0.37;0.78;24.10;;3
SARE11;Híbrido;71.42;14867;0.62;0.87;2.64;5.35;9.37;0.88;0.89;0.78;2.64;2.01;2.91;0.77;914143858.69;98.99;0.72;0.63;-0.21;0.42;1.05;6.20;;3
SPTW11;Lajes Corporativas;44.57;5429;0.40;0.90;2.69;6.91;16.33;0.90;1.15;1.36;2.69;1.29;2.20;1.24;9559905.19;52.87;0.84;0.76;0.12;0.88;1.64;0.00;;1
HSML11;Shoppings;81.00;34618;0.60;0.75;2.25;4.30;7.22;0.75;0.72;0.60;2.25;4.53;5.31;8.02;149346143.64;94.61;0.86;0.63;0.00;0.63;1.21;4.50;;5
SPVJ11;Outros;;;0.69;0.00;0.00;0.00;0.00;0.00;0.00;0.00;;0.00;0.00;0.00;679321344.40;107.62;;0.61;-0.04;0.58;1.18;;;0
RBRS11;Híbrido;65.00;1;0.43;0.72;1.99;3.88;7.27;0.66;0.65;0.61;1.99;-7.17;-6.50;-9.60;129973749.99;93.54;0.69;0.45;0.04;0.49;0.94;;;0
SADI11;Títulos e Val Mob;89.88;4028;0.93;1.04;2.88;5.03;7.54;0.96;0.84;0.63;2.88;0.56;1.60;2.68;318965276.86;100.30;0.90;0.85;-0.22;0.63;1.43;;;0
RZAG11;Títulos e Val Mob;10.07;67101;0.11;1.10;3.32;0.00;0.00;1.11;0.00;0.00;3.32;-0.10;1.00;5.14;289373158.29;9.54;1.06;1.15;-0.05;1.11;2.27;;;0
MXRF11;Híbrido;9.45;710230;0.10;1.09;3.06;5.66;10.04;1.02;0.94;0.84;3.06;-0.87;0.22;3.54;2303195572.46;10.19;0.93;0.88;-0.52;0.36;1.24;;;0
HUSC11;Outros;93.16;17;0.55;0.55;1.38;3.04;6.66;0.46;0.51;0.56;1.38;-0.88;-0.33;-10.30;113395965.68;142.71;0.65;0.33;0.22;0.55;0.83;;;0
PVBI11;Lajes Corporativas;93.00;29423;0.56;0.61;1.89;3.76;7.30;0.63;0.63;0.61;1.25;3.35;3.98;4.64;996715875.77;99.28;0.94;0.56;0.00;0.56;0.56;0.10;;4
VGHF11;Títulos e Val Mob;10.47;377822;0.14;1.36;4.47;9.29;16.15;1.49;1.55;1.35;4.47;0.00;1.36;4.54;309976916.70;9.29;1.13;1.72;-1.09;0.61;2.32;;;0
VJFD11;Híbrido;;;0.86;0.00;0.00;0.00;0.00;0.00;0.00;0.00;;0.00;0.00;0.00;65064545.92;133.32;;;;;;;;0
WTSP11B;Híbrido;40.05;20;0.48;1.01;2.53;4.46;6.33;0.84;0.74;0.53;6.10;-4.02;-3.05;-3.60;77799824.27;78.38;0.51;0.40;3.55;3.97;3.97;;;0
VISC11;Shoppings;100.95;23800;0.68;0.69;2.05;4.09;6.58;0.68;0.68;0.55;2.05;-1.95;-1.27;-0.43;255228227.11;116.14;0.87;0.59;0.03;0.62;1.21;8.30;;15
VILG11;Logística;98.97;28422;0.70;0.71;2.08;4.10;7.29;0.69;0.68;0.61;2.08;-3.90;-3.22;-1.94;1707690790.18;113.87;0.87;0.61;-0.06;0.56;1.18;0.00;;16
IDFI11;Híbrido;98.00;80;1.15;1.13;3.88;0.00;0.00;1.29;0.00;0.00;3.88;-0.04;1.09;3.93;209244750.35;101.68;0.96;1.74;0.00;1.74;1.74;;;0
BLMO11;Lajes Corporativas;25993.81;8;17.51;0.07;0.00;0.00;0.00;0.00;0.00;0.00;0.09;-0.02;0.05;0.07;110765375.33;29171.81;0.89;0.02;11.17;11.19;11.26;0.00;;1
BCRI11;Títulos e Val Mob;107.76;65083;1.35;1.23;3.44;6.84;13.57;1.15;1.14;1.13;3.44;-0.64;0.58;2.63;667338209.03;106.64;1.01;1.13;-0.05;1.07;2.25;;;0
TEPP11;Lajes Corporativas;70.09;1085;0.49;0.73;2.02;4.11;7.49;0.67;0.69;0.62;2.02;-5.61;-4.92;-6.30;383223626.19;90.77;0.77;0.52;-0.29;0.23;0.23;9.06;18.03;5
ITIT11;Títulos e Val Mob;70.97;2306;0.55;0.76;2.28;4.40;0.00;0.76;0.73;0.00;2.28;3.57;4.36;2.56;70730741.03;78.55;0.90;0.70;-2.35;-1.67;-1.02;;;0
NVIF11B;Outros;;;0.44;0.00;0.00;0.00;0.00;0.00;0.00;0.00;;0.00;0.00;0.00;86231672.67;255.58;;0.23;0.00;0.23;0.23;;;0
VVPR11;Híbrido;94.44;4152;0.78;0.84;2.50;4.85;9.13;0.83;0.81;0.76;1.68;-0.27;0.57;1.42;238397630.97;103.39;0.91;0.76;0.00;0.76;0.76;0.00;;6
STRX11;Híbrido;;;0.67;0.00;0.00;0.00;0.00;0.00;0.00;0.00;;0.00;0.00;0.00;227589678.15;141.05;;0.72;-0.03;0.70;1.21;;;0
BTSG11;Híbrido;;;0.78;0.00;0.00;0.00;0.00;0.00;0.00;0.00;;0.00;0.00;0.00;103251803.65;133.23;;0.59;-0.01;0.59;1.18;;;0
GALG11;Híbrido;96.05;2222;0.82;0.86;2.53;5.02;9.70;0.84;0.84;0.81;2.53;-2.12;-1.29;-1.56;624578657.94;108.65;0.88;0.75;-0.49;0.26;1.03;0.00;0.00;6
LUGG11;Residencial;80.29;748;0.61;0.77;2.01;3.85;7.15;0.67;0.64;0.60;2.01;-6.46;-5.74;-6.55;112533541.54;125.04;0.64;0.43;0.10;0.53;0.96;2.40;;4
PLRI11;Títulos e Val Mob;40.89;46;0.25;0.59;6.28;7.65;11.05;2.09;1.28;0.92;6.28;2.83;3.44;18.02;38359793.29;40.20;1.02;3.01;-4.43;-1.55;0.89;;;0
HSRE11;Híbrido;99.43;20;0.56;0.56;1.68;3.71;5.96;0.56;0.62;0.50;1.68;0.00;0.56;1.69;828219452.76;97.23;1.02;0.58;0.02;0.60;1.18;0.00;;29
HSLG11;Logística;88.20;4583;0.63;0.71;2.11;4.13;7.62;0.70;0.69;0.63;2.11;-1.78;-1.08;0.59;1404973822.84;110.98;0.79;0.57;-0.07;0.50;1.07;1.10;;5
FPAB11;Lajes Corporativas;236.99;1;1.53;0.71;2.03;3.96;6.94;0.68;0.66;0.58;2.03;-1.51;-0.81;-0.29;307189405.71;409.59;0.58;0.35;0.00;0.35;0.71;33.79;;1
EURO11;Logística;228.98;476;1.78;0.82;2.54;4.93;9.08;0.85;0.82;0.76;2.54;6.87;7.74;11.24;119908139.20;312.31;0.73;0.57;0.03;0.60;1.16;0.00;;6
RFOF11;Títulos e Val Mob;69.50;2128;0.65;0.90;2.73;5.31;9.93;0.91;0.89;0.83;2.73;5.05;6.00;1.02;89666823.28;83.17;0.84;0.78;-3.82;-3.07;-3.07;;;0
HBRH11;Híbrido;83.50;2100;0.76;0.90;2.65;6.01;10.20;0.88;1.00;0.85;2.65;-1.06;-0.17;-4.36;311924582.28;112.52;0.74;0.71;0.05;0.76;1.29;;;3
BCIA11;Títulos e Val Mob;81.65;7206;0.68;0.83;2.38;4.69;8.78;0.79;0.78;0.73;2.38;-2.66;-1.85;-3.06;381817732.89;102.67;0.80;0.66;-1.53;-0.88;-0.27;;;0
RBCO11;Lajes Corporativas;48.09;3412;0.35;0.72;2.06;4.42;8.53;0.69;0.74;0.71;2.06;-2.02;-1.31;-10.95;326365137.53;86.36;0.56;0.41;-13.83;-13.48;-13.48;46.00;50.00;4
FIIP11B;Logística;162.42;282;1.28;0.78;2.35;4.60;8.50;0.78;0.77;0.71;2.35;-0.18;0.60;2.80;18607628.32;200.62;0.81;0.64;0.09;0.73;1.39;0.00;;7
VLOL11;Lajes Corporativas;95.75;941;0.53;0.55;1.65;3.22;5.89;0.55;0.54;0.49;1.65;0.72;1.28;4.40;18474186.79;103.51;0.93;0.51;0.06;0.57;1.07;0.00;;1
VCRR11;Residencial;72.97;5771;0.67;0.95;2.71;5.37;0.00;0.90;0.89;0.00;2.71;-5.33;-4.43;-6.46;239243565.92;119.62;0.61;0.56;-0.01;0.55;1.11;;;0
RBRD11;Híbrido;47.60;1990;0.30;0.61;3.72;4.89;5.77;1.24;0.81;0.48;3.72;-3.71;-3.12;18.46;131604318.70;71.07;0.67;1.93;-1.62;0.28;0.53;15.52;;4
BBFO11;Títulos e Val Mob;72.50;1776;0.72;0.99;3.10;5.77;9.79;1.03;0.96;0.82;3.10;-3.33;-2.37;3.04;339529116.07;84.80;0.85;0.87;-2.14;-1.29;-0.37;;;0
BBIM11;Títulos e Val Mob;;;0.25;0.00;0.00;0.00;0.00;0.00;0.00;0.00;;0.00;0.00;0.00;48810423.80;47.16;;0.68;-0.23;0.45;1.08;;;0
APTO11;Híbrido;10.80;481;0.11;1.07;2.94;0.00;0.00;0.98;0.00;0.00;2.94;1.08;2.16;5.01;39162601.54;9.76;1.11;1.02;-0.79;0.22;0.22;;;0
RNDP11;Títulos e Val Mob;366.27;15;4.76;1.18;2.38;4.43;7.90;0.79;0.74;0.66;2.38;-34.47;-33.70;-31.21;72379940.34;673.42;0.54;0.49;0.12;0.61;1.20;;;0
RDPD11;Títulos e Val Mob;55.00;328;0.61;1.11;3.11;5.55;10.01;1.04;0.93;0.83;3.11;-6.76;-5.73;-0.11;64421516.24;59.76;0.92;1.00;0.79;1.80;2.76;;;0
RBVO11;Outros;12.48;307;0.02;0.16;1.07;1.98;3.80;0.36;0.33;0.32;1.07;-3.41;-3.25;2.55;11724556.69;22.73;0.55;0.20;0.00;0.20;0.20;;;0
BTWR11;Lajes Corporativas;108.00;1;0.37;0.34;0.62;0.62;0.00;0.21;0.10;0.00;0.62;0.93;1.28;1.56;8786904.84;108.58;0.99;0.28;0.02;0.30;0.53;12.00;;1
VOTS11;Títulos e Val Mob;85.98;156;1.15;1.34;3.65;6.21;10.37;1.22;1.04;0.86;3.65;0.98;2.33;6.03;80785126.38;97.58;0.88;1.11;-0.17;0.94;1.85;;;0
TRXF11;Outros;99.94;14594;0.80;0.80;2.39;4.86;8.93;0.80;0.81;0.74;2.39;-1.20;-0.41;0.62;72835210.89;100.49;0.99;0.80;-0.34;0.46;1.26;0.00;;44
HSAF11;Títulos e Val Mob;95.60;4125;1.15;1.20;3.56;6.94;12.95;1.19;1.16;1.08;3.56;-0.27;0.93;4.67;16886377.04;94.77;1.01;1.21;-0.80;0.40;1.56;;;0
RBHG11;Títulos e Val Mob;87.31;4570;1.10;1.25;3.58;7.89;12.96;1.19;1.31;1.08;3.58;1.23;2.50;2.57;167602388.18;97.02;0.90;1.13;0.65;1.79;2.79;;;0
RBHY11;Títulos e Val Mob;100.56;2028;1.30;1.29;3.65;8.66;12.53;1.22;1.44;1.04;3.65;-0.38;0.91;1.49;15436155.41;97.39;1.03;1.33;-0.11;1.22;2.36;;;0
RRCI11;Títulos e Val Mob;90.00;2097;1.30;1.47;4.15;7.65;12.98;1.38;1.28;1.08;4.15;1.83;3.32;7.84;4743754.10;97.65;0.92;1.23;0.29;1.52;2.69;;;0
BNFS11;Outros;118.51;494;1.22;1.02;3.05;6.21;11.47;1.02;1.03;0.96;3.05;-3.81;-2.83;-2.53;6941163.62;99.16;1.20;1.26;0.08;1.34;2.68;0.00;;18
EDFO11B;Lajes Corporativas;205.00;11;1.52;0.71;2.04;4.12;7.36;0.68;0.69;0.61;2.04;0.87;1.58;2.06;45269907.63;191.82;1.07;0.76;0.03;0.79;1.53;7.10;;1
BBRC11;Outros;97.09;1000;0.94;0.97;2.82;5.58;10.20;0.94;0.93;0.85;2.82;-0.33;0.64;-1.01;171531232.54;107.88;0.90;0.85;0.22;1.07;1.92;5.37;1.08;20
LGCP11;Logística;78.50;4632;0.60;0.76;2.24;4.31;7.95;0.75;0.72;0.66;2.24;-0.46;0.30;-2.16;278915521.65;102.06;0.77;0.59;0.01;0.60;1.18;0.50;;5
FIIB11;Híbrido;445.39;785;3.25;0.73;2.11;4.40;8.52;0.70;0.73;0.71;1.42;-3.44;-2.74;-2.07;312813785.09;456.66;0.98;0.71;-0.03;0.68;1.39;6.28;;1
PATC11;Lajes Corporativas;68.50;7881;0.32;0.46;1.37;2.78;5.59;0.46;0.46;0.47;1.37;1.92;2.40;6.72;300857960.49;86.52;0.79;0.35;0.29;0.64;0.99;21.90;18.90;6
CACR11;Híbrido;107.72;1186;1.44;1.32;4.10;8.24;14.69;1.37;1.37;1.22;4.10;-0.27;1.05;5.41;1540650.98;101.71;1.06;1.47;0.01;1.49;2.98;;;0
VRTA11;Títulos e Val Mob;103.80;69952;1.15;1.10;3.47;6.95;12.48;1.16;1.16;1.04;3.47;-0.45;0.65;2.90;1151185626.62;95.91;1.08;1.30;-0.20;1.10;2.40;;;0
LASC11;Shoppings;86.80;1;0.60;0.69;1.91;3.67;6.34;0.64;0.61;0.53;1.91;-2.18;-1.51;-1.49;283304571.65;112.50;0.77;0.32;0.00;0.32;0.32;2.40;;3
KINP11;Residencial;12.70;2567;0.30;2.35;6.93;0.00;0.00;2.31;0.00;0.00;6.93;-4.83;-2.60;-2.09;50442483.46;7.06;1.80;3.96;-1.31;2.61;7.63;;;0
KNRI11;Híbrido;137.89;24301;0.81;0.59;1.81;3.60;6.57;0.60;0.60;0.55;1.81;3.12;3.73;5.34;3797233579.76;157.19;0.88;0.52;-0.25;0.27;0.78;2.00;6.72;20
HGRU11;Híbrido;114.15;32301;0.82;0.73;2.07;4.02;7.78;0.69;0.67;0.65;2.07;-0.80;-0.07;-0.50;2183937740.13;118.65;0.96;0.64;-0.08;0.56;1.21;0.00;0.00;17
HGRE11;Lajes Corporativas;127.00;22661;0.69;0.56;1.61;4.75;8.35;0.54;0.79;0.70;1.61;-5.40;-4.87;-5.48;1950300222.04;165.03;0.77;0.42;0.00;0.42;0.42;27.13;29.17;21
VCJR11;Títulos e Val Mob;98.23;18235;1.13;1.16;3.53;7.85;13.46;1.18;1.31;1.12;3.53;-0.15;1.00;3.31;1260864667.15;94.34;1.04;1.14;-0.02;1.13;2.47;;;0
HGFF11;Títulos e Val Mob;71.95;5879;0.62;0.86;2.44;4.78;8.50;0.81;0.80;0.71;2.44;1.82;2.69;-2.54;25341374.27;88.36;0.81;0.66;-1.45;-0.81;-0.16;;;0
HREC11;Títulos e Val Mob;96.00;12;0.95;0.98;2.83;5.75;10.79;0.94;0.96;0.90;2.83;-1.45;-0.49;3.96;425213661.46;91.31;1.05;0.99;-0.70;0.28;1.26;;;0
HLOG11;Logística;90.70;832;0.65;0.72;2.12;4.05;7.46;0.71;0.68;0.62;2.12;-1.57;-0.86;-0.80;478192752.62;112.52;0.81;0.58;-0.09;0.49;1.07;58.00;0.00;3
HFOF11;Títulos e Val Mob;75.63;26088;0.60;0.80;2.34;4.57;8.42;0.78;0.76;0.70;2.34;-2.62;-1.84;-2.86;193149373.41;84.01;0.90;0.71;-0.82;-0.11;0.60;;;0
BRCO11;Logística;98.84;31056;0.63;0.65;1.92;3.83;7.02;0.64;0.64;0.59;1.92;-2.61;-1.98;2.12;1755760912.93;118.80;0.83;0.53;0.06;0.59;1.12;0.00;0.00;10
MALL11;Shoppings;102.64;17622;0.72;0.72;2.19;4.26;7.36;0.73;0.71;0.61;2.19;1.34;2.07;6.15;826318263.29;109.30;0.94;0.66;0.00;0.66;0.66;4.00;;8
XPSF11;Outros;70.37;13599;0.67;0.96;2.69;5.41;10.33;0.90;0.90;0.86;2.69;-3.13;-2.20;-9.51;370250982.09;85.50;0.82;0.77;-2.97;-2.22;-1.50;;;0
PQAG11;Logística;56.85;8;0.40;0.71;2.10;3.95;7.40;0.70;0.66;0.62;2.10;-0.82;-0.12;2.12;79567006.03;56.87;1.00;0.70;0.01;0.71;1.40;0.00;;1
HAAA11;Lajes Corporativas;94.49;10;0.54;0.56;1.69;3.40;6.58;0.56;0.57;0.55;1.69;-0.35;0.21;1.54;3277858.40;94.67;1.00;0.57;-0.15;0.42;0.99;17.00;;1
FIGS11;Shoppings;54.89;1125;0.37;0.68;2.04;3.87;6.21;0.68;0.65;0.52;2.04;2.03;2.72;1.66;283551127.39;99.49;0.55;0.37;-0.14;0.23;0.60;13.70;;2
JSAF11;Títulos e Val Mob;82.60;2824;0.93;1.11;0.00;0.00;0.00;0.00;0.00;0.00;3.29;1.11;2.24;4.48;151918738.31;96.58;0.86;0.93;-0.97;-0.05;0.88;;;0
KNCR11;Títulos e Val Mob;101.50;54624;1.00;0.98;2.63;4.67;7.39;0.88;0.78;0.62;2.63;2.21;3.21;5.02;3945434547.87;100.91;1.01;0.82;-0.05;0.77;1.59;;;0
JSRE11;Híbrido;72.77;28326;0.49;0.67;2.02;4.14;7.78;0.67;0.69;0.65;2.02;-5.34;-4.71;-6.35;2368106428.64;114.03;0.64;0.46;-0.01;0.45;0.92;14.80;13.40;5
JPPA11;Títulos e Val Mob;99.87;1303;1.55;1.55;4.31;8.12;14.22;1.44;1.35;1.18;4.31;1.26;2.83;6.78;62912690.40;104.17;0.96;1.44;-1.62;-0.21;0.92;;;0
PORD11;Títulos e Val Mob;91.95;62212;1.22;1.29;3.71;7.04;12.62;1.24;1.17;1.05;3.71;0.05;1.35;4.62;368656944.24;98.88;0.93;1.11;-0.43;0.67;1.86;;;0
XPPR11;Outros;59.50;21012;0.45;0.80;2.27;4.87;9.46;0.76;0.81;0.79;2.27;-4.27;-3.50;-10.15;577562461.09;78.94;0.75;0.57;-3.56;-3.01;-2.48;46.00;0.00;4
HGIC11;Títulos e Val Mob;109.00;1947;0.99;0.91;2.89;5.93;10.39;0.96;0.99;0.87;2.89;-4.38;-3.51;5.31;30429349.52;109.48;1.00;1.10;1.35;2.46;3.40;;;0
XPLG11;Logística;96.68;48030;0.66;0.68;2.04;4.03;7.42;0.68;0.67;0.62;2.04;5.82;6.54;0.97;32198648.41;111.51;0.87;0.59;1.49;2.09;2.69;8.80;1.20;13
HCHG11;Outros;81.89;10062;0.85;0.96;2.77;5.29;0.00;0.92;0.88;0.00;2.77;0.00;0.96;2.68;117982259.71;98.32;0.83;0.81;0.88;1.70;2.53;;;0
RBVA11;Outros;99.44;11041;0.92;0.93;2.84;5.64;10.60;0.95;0.94;0.88;2.84;4.61;5.58;2.71;1194185478.87;103.05;0.96;0.89;-0.04;0.85;1.75;0.70;;72
BARI11;Títulos e Val Mob;100.50;58794;1.10;1.07;3.19;6.78;12.91;1.06;1.13;1.08;3.19;-0.63;0.44;0.86;470871857.99;101.61;0.99;1.08;0.08;1.16;2.26;;;0
XPCM11;Lajes Corporativas;17.00;18149;0.18;1.05;2.75;5.18;10.04;0.92;0.86;0.84;2.75;-2.12;-1.09;-8.23;131409546.95;54.42;0.31;0.29;-0.49;-0.20;0.07;100.00;;1
URPR11;Outros;115.00;41180;1.65;1.41;4.16;8.54;17.61;1.39;1.42;1.47;4.16;-0.17;1.24;1.28;536567615.76;97.23;1.18;1.68;1.62;3.33;5.09;;;0
JGPX11;Híbrido;98.00;660;1.20;1.23;0.00;0.00;0.00;0.00;0.00;0.00;3.41;0.18;1.42;4.09;8071547.82;95.17;1.03;1.12;0.13;1.25;2.37;;;0
KNSC11;Títulos e Val Mob;95.35;41929;1.12;1.16;3.46;7.65;13.84;1.15;1.27;1.15;3.46;1.68;2.85;0.83;703260649.36;88.61;1.08;1.13;-0.76;0.36;1.77;;;0
CYCR11;;99.38;10;1.15;1.15;3.44;0.00;0.00;1.15;0.00;0.00;3.44;-0.20;0.95;2.43;60293805.33;94.34;1.05;1.22;0.00;1.22;1.22;;;0
RBGS11;Shoppings;28.45;5157;0.18;0.62;1.59;2.73;5.12;0.53;0.46;0.43;5.12;-1.90;-1.29;-28.71;97865283.71;90.78;0.31;0.18;0.00;0.18;1.17;13.00;;1
